ci_skipped,ns,nd,nf,entropy,la,ld,lt,ndev,age,nuc,exp,rexp,sexp,TFC,is_doc,is_build,is_meta,is_media,is_src,is_merge,FRM,COM,CFT,classif,prev_com_res,proj_recent_skip,comm_recent_skip,same_committer,is_fix,day_week,CM,commit_hash
1,1,1,1,0,2,1,401,1,45.9699537,1,482,14.80469005,290,1,0,0,0,0,1,0,0,0,0,1,0,3,3,1,0,1,4.196991322,f37494268441e41e7d1b7b83316eed0a35a8182f
0,1,1,1,0,1,1,274,2,65.46052083,1,481,13.80469005,289,1,0,0,0,0,0,0,0,0,0,2,1,4,4,1,1,1,1.951726527,4b78f253ffcd2fc9d5fbcf33a4eaea50cf17b08c
1,1,1,1,0,2,1,400,1,19.69319444,1,480,20.4683903,288,1,0,0,0,0,1,0,0,0,0,1,1,4,4,1,0,4,4.196991322,b6c92b80cecbb63d661e53144593f97c1cc4fd27
1,1,1,1,0,1,1,87,1,75.32986111,1,479,30.51877221,287,1,0,0,0,0,0,0,0,0,0,7,1,4,4,1,0,6,5.309418221,46eada942179d10d057021ff40b468946132a6f4
1,1,1,1,0,2,2,508,1,0.214027778,1,478,29.52077255,286,1,0,0,0,0,1,0,0,0,0,2,0,4,4,1,1,6,2.895261352,6afcc4a2ca3887c3b47a5266cbb68ee9bc5ad576
0,1,6,6,2.23701648,73,29,262,2,22.31216242,5,477,28.52184782,285,2,0,0,0,0,0,0,0,0,1,1,1,5,5,1,0,6,5.421891748,75c20a73943c5ceac108a0d17681b41af4182c7a
1,1,5,20,3.61978287,101,101,256.45,1,73.18043403,7,475,26.52876026,284,1,0,0,0,0,1,0,0,0,0,4,1,4,4,1,0,6,2.437115986,3991b332e5b31094b581ef19df05c038c6ad6b50
1,1,3,6,1.95721335,52,13,200,1,12.52672261,2,474,25.52876026,283,1,0,0,0,0,1,0,0,0,0,4,1,3,3,1,0,6,2.437115986,8e0604559a1d04916d91dcf6b559c564c0a0b899
1,1,1,1,0,1,1,103,2,13.34909722,1,476,25.52876026,158,1,1,0,0,0,0,0,0,0,0,7,1,4,4,1,0,6,1.370151122,e804facecbfff81adf0cb3b418d1e61855eeb21c
1,1,11,47,3.952378394,49,123,247.9787234,1,65.44716041,17,473,24.52876026,282,1,0,0,0,0,1,0,0,0,0,4,1,3,3,1,0,6,2.437115986,536694558727ce3721e465f822a057ea7a8e8c21
1,2,2,2,0.198234964,39,26,73.5,1,21.83997106,2,472,23.52876026,219,1,0,0,0,0,0,0,0,0,0,7,0,3,3,1,0,6,2.868017259,fc5ca80f8089b6c57b99083ae5f7f7efc8fd432f
0,1,1,1,0,1,1,103,2,0.031944444,1,471,33.27428656,156,1,1,0,0,0,0,0,0,0,0,7,1,4,4,1,0,6,1.370151122,5e371b947fa663cf8645c042797d9639e0c04016
1,1,1,1,0,2,2,106,1,1.959780093,1,470,32.27428656,280,1,0,0,0,0,0,0,0,0,0,7,0,4,4,1,0,6,3.733218146,15a020a3006451a004c93aae60d2f83e6147769c
0,1,4,4,1.020911865,53,2,331.75,1,54.03464699,3,469,31.27463596,279,2,0,0,0,0,0,0,0,0,0,2,1,4,4,1,1,6,1.951726527,616079646928a128b5ba8a10d3c29c86bbdaa1f0
1,1,1,1,0,1,1,146,1,1.956446759,1,468,30.27463596,278,1,0,0,0,0,1,0,0,0,0,7,1,3,3,1,0,6,3.21459085,812a5f09136451e431803567be48f0285cd7c49a
1,1,1,1,0,4,2,101,2,15.53506944,1,467,29.27463596,155,1,1,0,0,0,0,0,0,0,0,7,1,3,3,1,0,6,1.370151122,7827e610be869381856b19b0cecf8ad63aa82fdd
1,1,1,1,0,0,1,31,1,240.7168866,1,466,28.27463596,277,1,0,0,0,0,1,0,0,0,0,2,1,3,3,1,1,6,1.951726527,b0c32f5a7be7a1a6c2ed98f1a30ccb0f54590938
1,1,1,1,0,2,2,106,1,13.61336806,1,465,28.01566318,276,1,0,0,0,0,0,0,0,0,0,7,0,3,3,1,0,4,3.733218146,ac45bd3af2cec49da11bf00a4efc36f1aa06ea4c
0,1,1,1,0,3,0,66,1,347.6598611,1,464,27.01566318,275,1,0,0,0,0,1,0,0,0,0,2,0,4,4,1,1,4,1.951726527,4aa45c15e208de6114d02fbd41c83b1aa2d8b317
0,1,4,4,1.58247639,197,100,380.75,1,11.30589988,3,463,26.01566318,274,1,0,0,0,0,1,0,0,0,0,2,1,5,5,1,1,4,1.951726527,7693dfa9685b0d6117ff24414f5de7eb0b0f2127
1,1,1,1,0,0,93,93,1,15.75563657,1,462,25.01566318,273,1,0,0,0,0,1,0,1,1,0,7,1,4,4,1,0,4,3.680369952,5828a1c8bf8c3b9a44453fea032001137b94003d
1,1,1,1,0,1,0,129,1,56.34167824,1,461,26.89117598,272,1,0,0,0,0,0,0,0,0,0,2,1,4,4,1,1,1,1.951726527,058717bc6f7ab1a8356e5822f9584de531d876bb
1,1,1,1,0,1,1,44,1,3.788078704,1,460,37.89554729,271,1,0,0,0,0,0,0,0,0,0,2,1,4,4,1,1,6,3.186481622,3ad2667c8ce34ac2cd132b8a972d5ee3c23b2594
1,1,1,1,0,1,1,101,2,1.288634259,1,459,36.98529402,154,1,1,0,0,0,0,0,0,0,0,7,1,4,4,1,0,5,1.370151122,5b8e1af536576050d2f2a359d222c3be82ce1268
1,1,1,1,0,2,2,106,1,1.242476852,1,458,35.98529402,270,1,0,0,0,0,0,0,0,0,0,7,0,3,3,1,0,5,3.733218146,7c8fbb7b2742515663815281bdfb5727a50aee3b
0,1,1,1,0,4,0,501,1,2.03962963,1,457,34.98529402,269,1,0,0,0,0,1,0,0,0,0,2,1,4,4,1,1,5,1.951726527,d52ed05bb73e3f4a35a325c6372c01ae3d552976
1,1,2,2,0.918295834,14,4,464.5,1,24.06131366,2,456,33.98529402,268,1,0,0,0,0,1,0,0,0,0,2,1,4,4,1,1,5,5.971612559,ff4431bf303a0a6e7392f9fbdddce7a4b1e47829
1,1,1,1,0,2,2,106,1,0.897592593,1,455,33.03667066,267,1,0,0,0,0,0,0,0,0,0,7,1,4,4,1,0,3,3.733218146,fc2ea776cdc27d363ebb5e247722be0fb390f79d
1,1,1,1,0,1,1,101,2,35.63858796,1,454,32.04117517,153,1,1,0,0,0,0,0,0,0,0,7,0,4,4,1,0,3,1.370151122,95e0479d364e58351a89957b42e2ac3d69f65ac8
0,1,1,1,0,1,1,24,1,0.855694444,1,453,31.07688945,152,1,0,0,1,0,0,0,0,0,0,7,1,4,4,1,0,3,1.860565749,6f870054bff03704a4e2461964e05cd4dc16435f
1,1,1,1,0,2,1,55,1,80.14392361,1,452,30.07688945,266,1,0,0,0,0,0,0,0,0,0,7,1,3,3,1,0,3,3.21459085,1d346e586e58fd148e5004b2c238d46bd4abf8c0
1,1,1,1,0,1,1,27,1,0.000162037,1,451,29.08959685,2,1,0,0,1,0,0,0,0,0,0,7,1,2,2,1,0,3,2.868017259,b544869c891f9bcffc14f154cad317324d20814b
1,1,1,1,0,1,1,27,1,0.000266204,1,450,28.08959685,1,1,0,0,1,0,0,0,0,0,0,7,1,2,2,1,0,3,2.868017259,33f2ce5f4e52a2d0dd64a061be1d01a98ea7c689
1,1,1,1,0,27,0,0,0,0,0,449,27.08959685,0,1,0,0,1,0,0,0,0,0,0,1,0,2,2,1,0,3,4.711587363,3f4be10b23d70e5b8ce9b2d1f207b8e109a543ac
0,1,1,1,0,3,3,41,1,0.699351852,1,448,26.11161681,151,1,0,0,0,0,0,0,0,0,0,7,0,3,3,1,0,3,4.87358721,e64b942d9a63fff8414a0f44de4b5c74803b75c5
0,1,1,1,0,1,1,6,1,192.1101389,1,447,25.29163936,3,1,0,0,0,0,0,0,0,0,0,7,0,4,4,1,0,3,3.260862806,cde7be7f5801f7a8c63314e10f2938a19dd7457f
0,1,1,1,0,11,7,37,1,136.7039931,1,446,24.29163936,150,1,0,0,0,0,0,0,0,0,0,7,1,5,5,1,0,3,1.669069623,121f32175cafb34a245e62f854c11fa9fce793f6
1,1,1,1,0,2,7,29,1,239.0356134,1,445,23.29163936,149,1,0,0,1,0,0,0,0,0,0,7,1,5,5,1,0,3,1.860565749,cb7bbda7a6697a40ed9b449b608947aa1311b18a
1,1,1,1,0,12,15,109,1,34.78225694,1,444,22.29163936,265,1,0,0,0,0,0,0,0,0,0,7,1,5,5,1,0,3,1.669069623,d12b24faedaabfaacaf8a8e813ffffe357a720e6
1,1,1,1,0,2,2,468,1,0.005358796,1,443,21.29163936,264,1,0,0,0,0,1,0,0,0,0,7,1,4,4,1,0,3,3.21459085,0fd92ff0fb887182d2fba4189e12546148952b9c
1,1,13,34,4.385781191,1522,1288,222.7941176,1,62.80568423,8,442,20.29163936,263,2,0,0,0,0,0,0,0,0,1,2,1,4,4,1,1,3,5.884805134,bd14317d714ae97e29b1c505d4bac78f8958f871
1,1,1,1,0,11,0,33,1,43.7612037,1,441,19.29163936,262,1,0,0,0,0,0,0,0,0,0,7,1,3,3,1,0,3,2.868017259,314466ccec6417bfbfe8baea03d7caf40a2e096f
1,1,1,1,0,1,1,218,1,25.01709491,1,440,21.5111496,261,1,0,0,0,0,0,0,0,0,0,2,1,2,2,1,1,7,2.970939234,3acb93407e6f2aff0525f28cfacc90ad3f246904
1,1,3,3,1.572704142,26,61,231,1,36.35119599,3,439,40.85114218,260,1,0,0,0,0,0,0,0,0,0,7,0,2,2,1,0,3,3.576051329,5e9e1e82042aac6b122cbf57eeb1a7fbb27a9f0f
0,1,1,1,0,1,1,101,2,44.47575231,1,438,39.85114218,148,1,1,0,0,0,0,0,0,0,0,7,1,2,2,1,0,3,1.370151122,301908be69923c77558e3b4af6020ada519e6932
1,1,1,1,0,2,2,109,1,8.947025463,1,437,38.85114218,259,1,0,0,0,0,0,0,0,0,0,7,0,1,1,1,0,3,3.82911217,8eb02d20e9c1471cf7d248bc018b587152d9a644
0,1,1,2,0.863120569,4,3,204.5,1,1.918958333,1,436,37.85114218,258,1,0,0,0,0,1,0,0,0,0,2,0,2,2,1,1,3,1.951726527,d052b52d1a70cdfbb16141ae5bba71200ba8947e
0,1,3,9,3.000801265,165,143,243.8888889,1,16.80045139,3,435,37.17884209,257,1,0,0,0,0,1,0,0,0,1,2,1,3,3,1,1,1,3.63240279,f5b8b91818fd9e6020e8c43b3ce3c8a669842d46
1,1,1,1,0,0,1,192,1,0.584224537,1,434,36.18995321,256,1,0,0,0,0,1,0,0,0,0,4,0,3,3,1,0,1,2.437115986,8bdbc456fbf3c1fcae12d32ba68ea6ce6dc61627
0,1,2,2,0.863120569,20,1,429.5,1,26.79374421,2,433,44.93564886,255,1,0,0,0,0,1,0,0,0,0,2,0,4,4,1,1,7,1.951726527,564c78517745e87c2793699727078e659e911f77
0,1,3,4,1.096610413,348,0,39,1,11.96547164,2,432,44.05817454,254,1,0,0,0,0,0,0,0,0,0,1,1,5,5,1,0,7,4.186557865,aea7e3467f8445988fa48ab374bdd4f86566dfa9
1,1,1,1,0,8,20,235,1,46.25728009,1,431,43.09805549,253,1,0,0,0,0,0,0,0,0,0,7,1,5,5,1,0,7,2.551452237,90054b6477a65f983b5b05a4391dd08712a71cff
1,1,1,1,0,63,71,231,1,87.87460648,1,430,42.09853858,252,1,0,0,0,0,0,0,0,0,0,7,1,5,5,1,0,7,2.782501297,80abfa07ea9aea6273bcf613dbccb90d245236b6
1,1,1,1,0,2,2,219,1,0.001921296,1,429,41.09853858,251,1,0,0,0,0,0,0,0,0,0,7,1,5,5,1,0,7,2.647346261,58bf703012e2b18491e1bc0941747ba8b54be017
1,1,1,1,0,8,19,230,1,47.734375,1,428,40.09853858,250,1,0,0,0,0,0,0,0,0,0,7,1,5,5,1,0,7,2.647346261,3e7d2ca8f8df4b9deccd03eb9cabc4ce14aff15c
1,1,1,1,0,1,1,126,1,0.001469907,1,427,39.09853858,249,1,0,0,0,0,0,0,0,0,0,7,1,4,4,1,0,7,3.21459085,35a50521378219d96083b40eea1b4c506b29508d
1,1,2,2,0.69621226,13,19,177,1,44.44837384,2,426,38.09853858,248,1,0,0,0,0,0,0,0,0,0,7,1,4,4,1,0,7,2.782501297,14c94ac5b647e5a022e897eee1dc6060afe12457
1,1,1,1,0,2,2,109,1,0.315729167,1,425,39.44411631,247,1,0,0,0,0,0,0,0,0,0,7,1,3,3,1,0,1,3.82911217,229d2f95345bbe4ed0c364ae3055ee51796e28ff
1,1,2,3,1.435520504,7,2,155.3333333,1,51.69385802,2,424,38.44411631,246,1,0,0,0,0,0,0,0,0,0,7,1,3,3,1,0,1,2.647346261,84b68a2eae5c219e5703749b4ad3b4132a960dda
1,1,2,3,0.798724643,122,117,154.6666667,1,52.70138117,3,423,37.44411631,245,1,0,0,0,0,0,0,0,0,0,7,0,3,3,1,0,1,3.013550357,c450f63eb1748d8311eff9614457a46dd7e9596d
0,1,2,2,0.491237342,0,28,161.5,2,74.29188079,2,422,36.50216012,244,1,0,0,0,0,0,0,0,0,0,4,1,4,4,1,0,1,2.437115986,8890fa3b77324786acec4d53acf9b0c8c006b530
1,1,1,1,0,5,1,28,1,314.2285185,1,421,35.50216012,243,1,0,0,0,0,0,0,0,0,0,7,0,4,4,1,0,1,2.868017259,63ccdba28555929844c33007b7110592df20dace
0,1,1,1,0,5,5,109,1,4.097256944,1,420,34.51834198,242,1,0,0,0,0,0,0,0,0,0,7,1,5,5,1,0,1,1.669069623,b8f52ea30073f9d7836408366e9bba33359e7297
1,1,1,1,0,0,17,16,1,134.6765394,1,419,33.51834198,241,1,0,0,0,0,0,0,0,0,0,7,1,5,5,1,0,1,3.680369952,79eb7850dacc982aa4b3e66d382bb0bfa8d2e204
1,1,1,1,0,0,9,9,1,296.544456,1,418,32.51834198,240,1,0,0,0,0,0,0,0,0,0,7,1,5,5,1,0,1,3.680369952,53a0f02e19ec4baf0bfceb9fd05f3086f4b784a3
1,1,1,1,0,0,9,9,1,313.9563889,1,417,31.51834198,239,1,0,0,0,0,0,0,0,0,0,7,1,5,5,1,0,1,3.680369952,ef357d15394a99b2f680ed9e78d3ebfc3fda065d
1,1,1,1,0,0,9,9,1,219.1184606,1,416,30.51834198,238,1,0,0,0,0,0,0,0,0,0,7,1,5,5,1,0,1,3.680369952,e1f395536f9b9a3e429cd078178555ae3fc44986
1,1,1,1,0,0,29,28,1,117.6274074,1,415,29.51834198,237,1,0,0,0,0,0,0,0,0,0,7,1,5,5,1,0,1,3.680369952,d57fde9cf3140cc3cb25f8c33db310309c5cd4ef
1,1,1,1,0,0,73,72,1,134.6758102,1,414,28.51834198,236,1,0,0,0,0,0,0,0,0,0,7,1,5,5,1,0,1,3.680369952,765076fa46d96113f730b9b74e3b2294a9daa697
1,1,1,1,0,0,139,138,1,134.6757755,1,413,27.51834198,235,1,0,0,0,0,0,0,0,0,0,7,1,5,5,1,0,1,3.680369952,803ec9257fb677e11605997d8d71bdc5d3109eb4
1,1,1,1,0,0,12,12,1,134.6755324,1,412,26.51834198,234,1,0,0,0,0,0,0,0,0,0,7,1,4,4,1,0,1,3.680369952,5a064d08586d3344326ccc8669632070400f7d43
1,1,1,1,0,0,11,11,1,134.6754745,1,411,25.51834198,233,1,0,0,0,0,0,0,0,0,0,2,1,4,4,1,1,1,3.680369952,6cdc2b6297ec199230052b5e64358381d9d9f608
1,1,1,1,0,0,396,396,1,40.06543981,1,410,24.51834198,232,1,0,0,0,0,1,0,1,1,0,7,1,4,4,1,0,1,3.680369952,b609ed1f39099e269f2548396e1e622a59c49125
1,1,1,1,0,0,133,133,1,92.62638889,1,409,23.51834198,231,1,0,0,0,0,1,0,1,1,0,7,1,4,4,1,0,1,3.680369952,81c6d001fef44005a2d7c70f826d90725812e045
1,1,1,1,0,0,191,191,1,92.62630787,1,408,22.51834198,230,1,0,0,0,0,1,0,1,1,0,7,0,4,4,1,0,1,3.680369952,9aca4738dc744a93898e9ac067e64b6853ad3979
0,1,16,50,4.296110646,3014,1418,179.3,2,53.72783843,20,407,21.51834198,229,2,0,0,0,0,0,0,0,0,1,2,1,5,5,1,1,1,4.161957187,99d6daed2a3270fdfe1564bf7a03cee109231d8e
1,1,1,1,0,49,47,545,1,35.96994213,1,406,21.34756953,228,1,0,0,0,0,1,0,0,0,0,7,1,5,5,1,0,3,3.21459085,0b55c143f71ee59b2889aff5b276037b3480a745
1,1,1,1,0,3,3,109,1,0.131423611,1,405,20.34756953,227,1,0,0,0,0,0,0,0,0,0,7,1,5,5,1,0,3,1.669069623,c9d6d50eb40c756b0db1603e3f347dcf817c5cbc
1,1,1,1,0,1,1,109,1,30.99010417,1,404,19.3731467,226,1,0,0,0,0,0,0,0,0,0,7,1,5,5,1,0,3,1.669069623,8f11992190d4fa76adae997a077db59022694d17
1,1,1,1,0,2,2,109,1,18.85048611,1,403,26.24751437,225,1,0,0,0,0,0,0,0,0,0,7,1,4,4,1,0,6,3.113224572,8f5048461d75cdc0016590634c7003bf2556d8f4
1,1,1,1,0,1,1,101,2,5.034884259,1,402,39.4971949,147,1,1,0,0,0,0,0,0,0,0,7,1,4,4,1,0,7,1.370151122,d8918481d2bec12cfb67426d78064dc4ac4639c0
1,1,1,1,0,2,2,109,1,0.013483796,1,401,38.4971949,224,1,0,0,0,0,0,0,0,0,0,7,1,3,3,1,0,7,2.567715625,6138afdad53ba543d47fb38746f622e45424330a
1,0,0,0,0,0,0,0,0,0,0,0,0,0,0,0,0,0,0,0,0,0,0,0,7,1,2,2,1,0,7,3.395570559,6699af38c639e8899e9f2b5746df590c6965d4c6
1,0,0,0,0,0,0,0,0,0,0,0,0,0,0,0,0,0,0,0,0,0,0,0,7,0,1,1,1,0,7,3.395570559,0ba4336534ea598eb627055244cf3f3732086c53
0,1,1,1,0,2,2,109,1,20.42650463,1,400,37.52100442,223,1,0,0,0,0,0,0,0,0,0,7,1,1,1,1,0,7,2.318711115,e2c65ad78f0795e97046a4cfbe024cd94bc81176
1,1,1,1,0,1,8,233,2,57.39104167,1,399,36.52100442,222,1,0,0,0,0,0,0,0,0,0,7,0,0,0,1,0,7,4.996227478,85b94c77ee6ef3b643839fceb242c92cd7698e72
0,1,2,3,0.612132641,42,66,100,1,47.26655093,3,398,35.52100442,221,2,0,0,0,0,0,0,0,0,0,4,0,0,0,1,0,7,2.437115986,9c2b9c86d74f7e891ecf15935b02ffbc3ad9bf07
0,1,2,2,0.863120569,5,2,638,1,5.768234954,2,397,34.60182601,220,1,0,0,0,0,1,0,0,0,0,2,0,0,0,1,1,7,1.951726527,6e30a2c5a91e7a8d87c1c7421b295de6a3418f39
0,1,1,1,0,0,2,498,1,2.814907407,1,396,36.46185898,219,1,0,0,0,0,1,0,0,0,0,4,0,1,1,1,0,5,2.437115986,d17e39c35f31867127399113afba4fbcce77e757
0,1,1,1,0,1,1,126,1,0.184293981,1,395,37.04316399,218,1,0,0,0,0,0,0,0,0,0,2,0,2,2,1,1,2,2.875045209,5a01589fb77d2660a4b870ab74ae54efebc90d94
0,1,7,22,3.177985411,117,45,337.8636364,1,35.97842803,15,394,36.04316399,217,1,0,0,0,0,1,0,0,0,0,1,0,2,2,1,0,2,4.175108059,191fb2fe5dea1fe6bd8eeb81229c09d00d64da41
0,1,1,1,0,10,3,387,1,4.575347222,1,393,35.04395764,216,1,0,0,0,0,1,0,0,0,0,2,0,3,3,1,1,2,1.951726527,e9ca87dbd6a37c4f4efa047a22b4a4e78d7d6243
0,1,2,2,0.529360865,74,1,79,1,16.22756366,2,392,34.38553695,215,1,0,0,0,0,1,0,0,0,1,7,1,3,3,1,0,2,3.975033701,cae0ee9c2cad10d0a14f86b7c43ad0738af2ecf0
1,1,1,2,0.845350937,11,11,180.5,1,1.440092593,1,391,33.40068846,214,1,0,0,0,0,0,0,0,0,0,7,1,2,2,1,0,2,2.551452237,1da5e589839ef4b056157d05a4b7003d41c6f5c8
1,1,1,1,0,1,1,101,2,35.40313657,1,390,32.40068846,146,1,1,0,0,0,0,0,0,0,0,7,0,1,1,1,0,2,1.370151122,4ed16d1b98b2445c343754b1b9280df4be69c1d7
0,1,3,4,1.081329234,369,0,32.75,1,0.020570023,2,389,32.12591466,213,1,0,0,0,0,0,0,0,0,0,1,1,1,1,1,0,1,3.23464843,799cefa240f54c8e0d07452f5f10e749c410b06e
1,1,2,2,0.970950594,9,1,162,1,25.45863426,2,388,31.16400989,212,1,0,0,0,0,0,0,0,0,0,2,0,0,0,1,1,1,2.970939234,634b7967ba19613b41a55064dcf894d9b014723b
0,1,3,4,1.24793108,377,0,25,1,17.7354919,1,387,30.16400989,211,1,0,0,0,0,0,0,0,0,0,1,0,0,0,1,0,1,3.203068791,aab3f014fbf1a94715c735933a462dd24236e118
0,1,1,1,0,2,1,155,1,0.592280093,1,386,29.21763032,210,1,0,0,0,0,1,0,0,0,0,2,0,1,1,1,1,7,1.951726527,73a0cf7f3f4e2dc939d7f41d85c695827af680cf
0,1,3,3,1.074451988,157,110,379.6666667,1,17.28648148,2,385,28.40934012,209,1,0,0,0,0,1,0,0,0,0,2,0,1,1,1,1,7,3.785552462,db41aba3361e66df89dc9203b7be88ebbf063e83
0,1,1,1,0,46,0,393,1,1.932395833,1,384,27.40934012,208,1,0,0,0,0,1,0,0,0,0,2,0,2,2,1,1,7,1.743968805,fcc635da6b0f545eb4d55ad6a291bf56c358ecf5
0,1,3,5,1.808573266,276,0,133,1,9.977893519,1,383,26.40934012,207,2,0,0,0,0,0,0,0,0,0,7,0,2,2,1,0,7,5.19389369,a06a9516e477e459b3259244e60b516ed898cc06
0,1,1,1,0,15,5,142,1,11.19282407,1,382,25.45705074,206,1,0,0,0,0,1,0,0,0,1,2,1,2,2,1,1,7,5.94748434,5dbbaa7a702e79c78ad39d900955908873355f8a
1,1,1,1,0,0,2,187,1,1.696122685,1,381,24.45705074,205,1,0,0,0,0,1,0,0,0,0,4,0,1,1,1,0,7,2.437115986,de7d029180b056d55e86f056355e813a34e8a054
0,1,5,7,2.405181548,36,28,370.4285714,1,12.09609292,2,380,23.89167234,204,1,0,0,0,0,1,0,0,0,1,7,1,2,2,1,0,5,5.680534983,0e07a304431d12460f76d22893a3cc754b142c21
1,1,1,1,0,1,0,392,1,12.52533565,1,379,22.89167234,203,1,0,0,0,0,1,0,0,0,0,7,0,1,1,1,0,5,3.21459085,ce15b15a95e727760a50c7a6d24067f1641a92ac
0,1,1,1,0,1,1,380,1,3.043993056,1,378,27.55028836,202,1,0,0,0,0,1,0,0,0,0,7,0,2,2,1,0,2,2.868017259,c90821266e817e66448b37c8fe821e29daa05c2b
0,1,3,4,1.086343882,240,157,195.25,1,26.11609664,2,377,26.55028836,201,1,0,0,0,0,1,0,0,0,1,2,0,2,2,1,1,2,3.555118819,b47ecca747cf535b48de0caf058e5862007d7dac
0,1,1,1,0,1,1,109,1,17.58194444,1,376,26.25475598,200,1,0,0,0,0,0,0,0,0,0,2,1,3,3,1,1,1,2.684524965,5e801dd82685ec9eb5940e0862f950dfe1039376
1,1,2,2,1,0,2,128.5,1,1.529108796,1,375,25.25475598,199,1,0,0,0,0,1,0,0,0,0,4,0,3,3,1,0,1,2.437115986,1bf20ef9f22e4ab94dc2fd6c9b7cd1029f2bc8fc
0,1,11,16,3.294376603,907,539,235.3125,1,54.52812645,10,374,25.01407969,198,2,0,0,0,0,0,0,0,0,1,7,1,3,3,1,0,6,6.030247084,e68581c1d1ed8bf7c077f506a487bad55460e1ec
1,1,1,1,0,2,2,109,1,8.055115741,1,373,38.80502334,197,1,0,0,0,0,0,0,0,0,0,7,0,2,2,1,0,4,2.567715625,ae4cd0f43ebe2e57d642e35e051e7e8f8c771b39
0,1,2,2,0.863120569,16,5,322.5,2,10.94008102,2,372,37.80502334,196,2,0,0,0,0,0,0,0,0,0,2,1,2,2,1,1,4,1.951726527,068dd3db519c2eab2e87d69649262442fc2a1443
1,1,1,1,0,2,2,377,1,2.824675926,1,371,36.80502334,195,1,0,0,0,0,1,0,0,0,0,7,1,2,2,1,0,4,3.21459085,9ced2da49c54d715700a61c5be7b04a7249c9e1a
1,1,1,1,0,1,0,100,2,8.966469907,1,370,42.10430611,145,1,1,0,0,0,0,0,0,0,0,7,0,2,2,1,0,2,1.370151122,16b27a99a72ebf4cb29fe7c95505e487f9c16e55
0,1,1,1,0,11,13,626,1,0.968726852,1,369,41.36138426,194,1,0,0,0,0,1,0,0,0,0,2,0,3,3,1,1,2,1.951726527,6eda79cce74116f0ec4a55b8e8a034e4305cad9a
0,1,2,2,0.896038233,10,6,232,1,5.593865741,1,368,41.41519213,193,1,0,0,0,0,1,0,0,0,0,2,0,3,3,1,1,1,3.710185807,c1349cff59048f0e4292c325c18910bbc17fc4b2
0,1,2,2,0.503258335,41,13,503.5,1,11.59295139,2,367,40.43495118,192,1,0,0,0,0,1,0,0,0,0,2,1,4,4,1,1,1,1.951726527,2c8eb709ce25996478963479b39833c8d4af438b
1,1,3,4,1.08249568,368,0,23,1,0.01541088,1,366,40.45206935,191,1,0,0,0,0,0,0,0,0,0,1,1,4,4,1,0,7,3.284161812,b0d53408287bb891d0308dffe87cd132f9e1adca
1,1,3,4,1.153541222,365,0,19.5,1,2.295972222,1,365,39.4544503,190,1,0,0,0,0,0,0,0,0,0,1,1,4,4,1,0,7,3.330542454,9d6f8c6986b786a341ab709a178138e5351d0623
1,1,1,1,0,3,4,125,1,4.573344907,1,364,38.4544503,189,1,0,0,0,0,0,0,0,0,0,2,0,3,3,1,1,7,2.970939234,93f0aee825d3e70482efff131b563c68c4a1098f
0,1,3,3,1.584962501,2,4,260.3333333,1,25.35142747,2,363,40.70537135,188,2,0,0,0,0,0,0,0,0,0,4,1,3,3,1,0,3,2.437115986,56e041e88b18f0c7abeb56475b35d1d5665eba71
1,1,1,1,0,0,6,5,1,113.6905324,1,362,39.70537135,187,1,0,0,0,0,0,0,0,0,0,7,1,2,2,1,0,3,3.680369952,ddb711dced8262741e023599c28663ce1b1721ce
1,1,1,1,0,2,2,109,1,11.36084491,1,361,38.70537135,186,1,0,0,0,0,0,0,0,0,0,7,1,1,1,1,0,3,1.669069623,8e9c957f76ea866212e5e36cecd834045d7cd5a2
1,0,0,0,0,0,0,0,0,0,0,0,0,0,0,0,0,0,0,0,0,0,0,0,5,0,1,1,1,0,3,3.333796361,ad531a4e73cba40794fb835059e256ca16c22c94
0,1,4,7,2.272206613,42,50,204.4285714,1,6.209804894,2,360,39.71131737,185,1,0,0,0,0,1,0,0,0,0,2,0,2,2,1,1,3,3.60881953,ff27431d558037243d03b35e6ecaa102fa332eee
0,1,3,4,1.149236524,374,0,16,1,5.40744213,1,359,38.71394895,184,1,0,0,0,0,0,0,0,0,0,1,0,2,2,1,0,3,3.330542454,6ad2df3035a0f6e54c9f859f1bdf3d95f4a96712
0,1,1,2,1,9,11,176.5,1,10.77333333,1,358,37.71739722,183,1,0,0,0,0,0,0,0,0,0,2,0,2,2,1,1,3,3.10609427,62103a009ba77be99ed15590c6a60081664b57f0
0,1,2,2,0.852405179,24,12,288,1,5.880891204,2,357,36.71739722,182,1,0,0,0,0,1,0,0,0,0,1,1,3,3,1,0,3,4.175108059,ea01ef24cc0ce2e1bd96ab2ffa387ac1b17eb1d9
1,1,1,1,0,5,8,197,1,10.73402778,1,356,35.71739722,181,1,0,0,0,0,1,0,0,0,0,4,1,2,2,1,0,3,2.437115986,0d5aab89ca0872c181bc91ff1a747627a1fc889f
1,1,1,1,0,1,1,239,1,0.013298611,1,355,34.71739722,180,1,0,0,0,0,1,0,0,0,0,2,0,2,2,1,1,3,3.815504838,4c4e2c1c6c4289fd4adfefd14aa502effcb87061
0,1,3,4,1.471737433,11,14,215.25,1,12.37556424,4,354,33.71739722,179,1,0,0,0,0,1,0,0,0,0,4,0,3,3,1,0,3,2.437115986,281a0053a656d7b33f3164a7a18a75a876edd872
0,1,7,10,2.814029202,305,91,254.7,1,3.969372685,5,353,33.57303809,178,1,0,0,0,0,1,0,0,0,0,1,1,4,4,1,0,2,4.233159174,2ec07722018485f7f814d4c04af5580b16c78d73
1,1,1,1,0,0,44,44,1,96.07255787,1,352,32.57303809,177,1,0,0,0,0,1,0,1,1,0,7,0,4,4,1,0,2,3.680369952,b4ea185b2c57be95cd645df4f03e0e5daa5fb729
0,1,4,5,1.690049363,28,75,443,1,8.668148148,1,351,31.66224791,176,1,0,0,0,0,1,0,0,0,0,4,1,4,4,1,0,1,2.437115986,f06e3e53b9ef7fece2c7ff919243300b825286eb
1,1,1,1,0,2,2,237,1,8.667060185,1,350,30.66224791,175,1,0,0,0,0,0,0,0,0,0,2,1,4,4,1,1,1,3.33714333,4b0250ad7af55ce4d6e7b32667aa0fa06755397e
1,1,1,1,0,1,1,100,2,0.001030093,1,349,29.6708444,144,1,1,0,0,0,0,0,0,0,0,7,1,3,3,1,0,7,1.370151122,c7b68414bc22d35a079689dcb04d22775016fbdb
1,1,1,1,0,8,0,92,2,2.095011574,1,348,28.6708444,143,1,1,0,0,0,0,0,0,0,0,7,1,3,3,1,0,7,1.370151122,29af64c81a46f6204f6a02ccb6bf5d689bd95fe1
1,1,1,1,0,10,0,351,1,8.012048611,1,347,27.6708444,174,1,0,0,0,0,1,0,0,0,0,7,0,3,3,1,0,7,5.378732939,34fec15dbb6e17ce8e21d2a330732c8fa263ae16
0,0,0,0,0,0,0,0,0,0,0,0,0,0,0,0,0,0,0,0,1,0,0,0,3,1,4,4,1,0,5,3.649755598,9f958429109089dc90ffe90450a7be39f4d3d5c1
0,1,1,1,0,1,0,91,1,5.8575,1,0,0,0,1,1,0,0,0,0,0,0,0,0,7,1,4,1,0,0,5,4.318501002,4429e6508646329b5d623643cb99d0d468eab6d6
1,1,1,1,0,0,5,373,1,4.0025,1,346,30.4164859,173,1,0,0,0,0,1,0,0,0,0,4,0,3,3,1,0,3,2.437115986,3903270e57f471a6cc0f6089f52af92b87ebcbfa
0,1,1,1,0,4,2,373,1,3.998842593,1,345,29.4164859,172,1,0,0,0,0,1,0,0,0,0,2,1,4,4,1,1,3,3.699980308,8b806e0065aff06cd33ff2c3b18954fe75d5a240
1,1,1,1,0,7,12,283,1,3.991226852,1,344,28.4164859,171,1,0,0,0,0,1,0,0,0,0,7,1,4,4,1,0,3,5.482705016,0b596fed4f9e1e5bdc4195308fa1b7814b223d72
1,1,1,1,0,2,3,60,1,3.987615741,1,343,27.41743287,170,1,0,0,0,0,0,0,0,0,0,1,1,4,4,1,0,3,4.523399715,7e3e8610dc97d17af5d90c41ce954eb1f4720cb6
1,1,1,1,0,1,1,91,1,6.375347222,1,342,29.1554532,142,1,1,0,0,0,0,0,0,0,0,7,0,4,4,1,0,6,1.370151122,9d93f7498bf5880c67043110935c85a5c4e7ca7d
0,1,10,51,4.764727306,2188,336,214.6078431,1,24.15737881,4,341,28.1874686,169,1,0,0,0,0,1,0,0,0,1,2,1,5,5,1,1,6,5.678600649,973c467b98289ccdf493f5d4752b150f99d24a06
1,1,10,47,4.66767967,2552,243,31.9787234,3,20.23561367,5,340,27.1874686,168,1,0,0,0,0,0,0,0,0,0,7,1,5,5,1,0,6,1.895062185,6f4e0f98a74bc95fc3044fff9f738498ce49aefe
1,0,0,0,0,0,0,0,0,0,0,0,0,0,0,0,0,0,0,0,0,0,0,0,7,1,5,5,1,0,6,3.680369952,d476067a82f84a2ac5e40abd029c05fbdd1a6566
1,0,0,0,0,0,0,0,0,0,0,0,0,0,0,0,0,0,0,0,0,0,0,0,7,1,5,5,1,0,6,3.680369952,3c872f406499d2a2fce6a74d35eaa498a5112e4c
1,0,0,0,0,0,0,0,0,0,0,0,0,0,0,0,0,0,0,0,0,0,0,0,7,1,5,5,1,0,6,3.680369952,368317d55cd72f675db74e2e4f9c714a3453f32f
1,1,1,1,0,6,5,108,1,24.96489583,1,339,26.1874686,167,1,0,0,0,0,0,0,0,0,0,7,1,5,5,1,0,6,1.669069623,5eb3fcfd555b652795ca2549f1704fd64ffda59b
1,1,1,1,0,1,1,37,1,55.40744213,1,338,25.1874686,141,1,0,0,0,0,0,0,0,0,0,7,1,5,5,1,0,6,3.12570777,c246601b766e880cc7d4290e0fa665c999bf5443
1,1,1,1,0,3,0,88,1,10.04804398,1,337,27.32095416,140,1,1,0,0,0,0,0,0,0,0,1,1,4,4,1,0,7,3.464978493,6053823012339dfbf77f59142558b6cb7bfb4167
1,1,1,1,0,1,1,22,2,17.23430556,1,336,26.3411181,166,1,0,0,0,0,0,0,0,0,0,7,1,4,4,1,0,7,2.521443669,c2e9e8ce9bc33be01ee4bcef70dcaa420318cbe4
1,0,0,0,0,0,0,0,0,0,0,0,0,0,0,0,0,0,0,0,0,0,0,0,5,1,3,3,1,0,6,3.333796361,9e3f2fd6f8dee475eec1f783c664afea72a95e01
1,1,1,1,0,5,2,85,1,8.206921296,1,335,32.50441699,139,1,1,0,0,0,0,0,0,0,0,7,1,3,3,1,0,4,1.370151122,6f413a3c5f926e0e8a521553a45abd85bb884ca2
1,0,0,0,0,0,0,0,0,0,0,0,0,0,0,0,0,0,0,0,0,0,0,0,1,0,2,2,1,0,5,4.73179557,503e8c14def0bbece93f926a39d3f8089b1bb83e
0,0,0,0,0,0,0,0,0,0,0,0,0,0,0,0,0,0,0,0,1,0,0,0,3,1,3,3,1,0,3,4.03351978,774d3d5bec1475e5c47dfcff51ff49dd9e549619
0,1,1,1,0,1,1,22,2,0.010173611,1,1,1,0,1,0,0,0,0,0,0,0,0,0,7,0,2,1,1,0,3,2.521443669,bc68a2cd2a73e5969c5e5bd7461974adea33a0f8
0,1,1,1,0,3,3,21,1,1.357685185,1,0,0,0,1,0,0,0,0,0,0,0,0,0,7,1,3,1,0,0,3,2.521443669,d5c22129de8bebd61b4d8ef0adf7c9a223456a67
1,1,1,1,0,1,1,85,1,0.346631944,1,334,46.02573236,138,1,1,0,0,0,0,0,0,0,0,7,0,3,3,1,0,2,1.370151122,e8f8e723a1049d10274f6cce4bb80c5e4f476865
0,1,5,10,2.964299088,15,20,351,1,0.406591435,2,333,45.02573236,165,1,0,0,0,0,1,0,0,0,0,2,1,3,3,1,1,2,1.951726527,0ce3070487b600d34d52902e2296d8a6d9729951
1,1,1,1,0,1,1,85,1,0.079386574,1,332,44.06615171,137,1,1,0,0,0,0,0,0,0,0,7,0,3,3,1,0,2,1.370151122,66ce78730de630bbf2050dcb30111181de6fdfb7
0,1,1,1,0,10,7,369,1,0.078414352,1,331,43.06738324,164,1,0,0,0,0,1,0,0,0,0,2,1,3,3,1,1,2,4.734957774,2271578cc53c569756b6f677978412eaaa30c98d
1,1,1,1,0,2,6,139,1,61.44295139,1,330,42.06738324,5,1,0,0,0,0,1,0,0,0,0,4,1,2,2,1,0,2,2.437115986,d024d2d6dba0275e9211f32b113515dc77e8d098
1,0,0,0,0,0,0,0,0,0,0,0,0,0,0,0,0,0,0,0,0,0,0,0,1,0,1,1,1,0,2,4.73179557,3adad7f052140876f3c6e535e5d209c5159892a1
0,1,1,1,0,2,1,107,1,0.047662037,1,329,41.07723546,163,1,0,0,0,0,0,0,0,0,0,7,1,1,1,1,0,2,1.669069623,fac0fa828d86e33e7a2da047b4ae46bcf3881780
0,1,5,10,2.527062127,0,1122,111.5,1,0.009710648,1,326,38.07846699,161,2,0,0,0,0,0,0,0,0,0,7,0,2,2,1,0,2,4.776306034,c5125debd1c4b1cd4ec8ca38ddbe91acc1c6a771
0,1,11,53,5.419937845,0,11897,224.4716981,1,0.008958333,1,325,37.07846699,160,1,0,0,0,0,1,0,1,1,0,7,0,3,3,1,0,2,4.545256974,e6d9dfc9db16891072c3425e6711075d47757f7b
1,1,1,1,0,1,1,85,1,11.64826389,1,328,38.07846699,136,1,1,0,0,0,0,0,0,0,0,7,0,0,0,1,0,2,1.370151122,af6c9c12f28a869055d1040998bb1dba64926613
0,1,16,61,5.079560968,941,790,205.1967213,2,28.92920556,16,327,37.07846699,162,3,0,0,0,0,0,0,0,0,1,2,0,1,1,1,1,2,4.435504454,74c072dc3e6fa147bb1d6adb3ad0711dc4806022
0,1,4,21,3.748547551,0,2811,133.8095238,1,183.4764501,2,323,35.07846699,4,4,0,0,0,0,0,0,0,0,0,7,1,5,5,1,0,2,4.179052878,665f14ee171a55888925c2beda0e167cf1a42f53
0,1,16,63,5.594219661,13019,0,0,0,0,0,324,35.07846699,159,3,0,0,0,0,0,0,0,0,1,2,0,4,4,1,1,2,4.435504454,c562a2c54a8c563bda8165ed4177a0702bdced21
1,1,1,1,0,0,1,3,1,196.3212384,1,322,34.07846699,135,1,0,0,0,0,0,0,0,0,0,7,1,5,5,1,0,2,3.21459085,9b207aed0c18557274a5f93274e84f1498f643fb
1,1,1,1,0,0,126,126,1,17.01143519,1,321,33.08093004,158,1,0,0,0,0,1,0,1,1,0,7,1,5,5,1,0,2,3.680369952,5544fc6393c91b3288968124a78aeaec9c56e409
1,1,1,1,0,0,178,178,1,30.37060185,1,320,32.08093004,157,1,0,0,0,0,1,0,1,1,0,7,1,5,5,1,0,2,3.680369952,d90669fb9dcef0993ef55819e5c54909c8e3a327
1,1,1,1,0,0,160,159,1,17.01094907,1,319,31.08093004,156,1,0,0,0,0,1,0,1,1,0,7,1,5,5,1,0,2,3.680369952,39d411314eca34e6df8ba5e169d63cb40e64b351
1,1,1,1,0,0,60,60,1,135.0028009,1,318,30.08093004,155,1,0,0,0,0,1,0,1,1,0,7,1,5,5,1,0,2,3.680369952,9d1fd931d2692e1821fc27a75b598dca62a9b82c
1,1,1,1,0,0,46,46,1,67.95697917,1,317,29.08093004,154,1,0,0,0,0,1,0,1,1,0,7,1,5,5,1,0,2,3.680369952,55f3a62cc23ad7bbdfc784bcc6c46bd21c8f3798
1,1,1,1,0,0,37,37,1,135.0024537,1,316,28.08093004,153,1,0,0,0,0,1,0,1,1,0,7,1,5,5,1,0,2,3.680369952,31e426da35c03401efbb0540347958a2864b93b5
1,1,1,1,0,0,8,7,1,170.2009375,1,315,27.08093004,152,1,0,0,0,0,0,0,0,0,0,7,1,5,5,1,0,2,3.680369952,e99c2e24f4218e23e4c5c9e799159c36d954f6e1
1,1,1,1,0,0,44,44,1,112.0270718,1,314,26.08093004,151,1,0,0,0,0,1,0,1,1,0,7,1,4,4,1,0,2,3.680369952,6e0b0afc08c889d45947cd48b1c78594af71b652
1,1,1,1,0,0,77,77,1,17.00914352,1,313,25.08093004,150,1,0,0,0,0,1,0,1,1,0,7,1,4,4,1,0,2,3.680369952,85b133bc5db5209190d4bb8cc62466871d33a045
1,1,1,1,0,8,6,105,1,16.20415509,1,312,24.08093004,149,1,0,0,0,0,0,0,0,0,0,7,1,4,4,1,0,2,1.669069623,d34dbba7fedaf9f26f58350632369b8abe77115e
1,1,1,1,0,1,0,84,1,4.581423611,1,311,36.66107802,134,1,1,0,0,0,0,0,0,0,0,7,1,4,4,1,0,4,1.370151122,2fa1387dfdf30711d2ebf4a830506fb1e1a7f21a
1,1,1,1,0,1,1,84,1,0.717372685,1,310,36.9320051,133,1,1,0,0,0,0,0,0,0,0,7,0,4,4,1,0,7,1.370151122,59559345b792eaf19b5ee49300fe62c9be6523fb
0,1,1,1,0,2,2,144,1,0.816944444,1,309,35.9320051,148,1,0,0,0,0,1,0,0,0,0,7,1,5,5,1,0,7,5.010791642,aa127096063ed33346a44815481486359478a86c
1,1,1,1,0,1,1,139,1,45.13162037,1,308,34.9320051,147,1,0,0,0,0,1,0,0,0,0,7,1,5,5,1,0,7,4.895267112,5324d5bf6a4b7016d0118d6a49af84de4a2b2a15
1,1,1,1,0,44,18,426,1,0.802615741,1,307,33.94781538,146,1,0,0,0,0,1,0,0,0,0,2,1,5,5,1,1,7,4.504699264,17f1a1a7b86692e44171b5d8ecb7e012d4256f50
1,1,1,1,0,1,1,105,1,0.847673611,1,306,32.94781538,145,1,0,0,0,0,0,0,0,0,0,7,1,4,4,1,0,7,1.669069623,057c81176c19992e4d981f81f528fd5b8c251f2b
1,1,1,1,0,2,1,433,1,0.192662037,1,305,33.13458238,144,1,0,0,0,0,1,0,0,0,0,2,1,4,4,1,1,6,4.346060614,37b3ce0f5068ca9097c15cb2fe9a0b7f12df27f1
1,1,1,1,0,4,4,326,1,0.192256944,1,304,32.13458238,143,1,0,0,0,0,1,0,0,0,0,2,1,4,4,1,1,6,4.056759397,3d4889e5777835ec371abd7cdec25ac5833aead7
1,1,1,1,0,7,1,15,1,0.192928241,1,303,31.13458238,142,1,0,0,0,0,0,0,0,0,0,1,1,4,4,1,0,6,4.239385139,3cca12bedd6b275e7038ddd199286988872668e0
1,1,1,1,0,1,1,84,1,0.105717593,1,302,30.67285085,132,1,1,0,0,0,0,0,0,0,0,7,0,4,4,1,0,6,1.370151122,47d3c488118f3ae2175c9a08ae23bd2699656aea
0,1,9,44,3.966033518,1766,722,210.7954545,1,33.26496791,5,301,29.69097302,141,1,0,0,0,0,1,0,0,0,1,2,1,5,5,1,1,6,8.367118124,4c3e45b19e260c57287dbbe740f358e447bfe793
1,1,9,49,4.111791349,619,260,61.63265306,2,49.95986017,9,300,28.69097302,140,2,0,0,0,0,0,0,0,0,0,7,1,5,5,1,0,6,1.895062185,e8f8b4f829bff13a7e74c9c7096bc1c9bd2c65ef
1,1,1,1,0,1,1,84,1,13.34590278,1,299,27.69097302,131,1,1,0,0,0,0,0,0,0,0,7,1,5,5,1,0,6,1.370151122,133c0ab5ec15d57341c6e4876f337e24679052f2
1,1,1,1,0,0,9,9,1,84.42851852,1,298,26.69832596,139,1,0,0,0,0,0,0,0,0,0,7,1,5,5,1,0,6,3.680369952,9090dd5d2236528bbc2aa840808e72b6f8ae38c6
1,0,0,0,0,0,0,0,0,0,0,0,0,0,0,0,0,0,0,0,0,0,0,0,7,1,5,5,1,0,6,3.680369952,3755e4d1957d6b9030b81072062c951e8288bbae
1,0,0,0,0,0,0,0,0,0,0,0,0,0,0,0,0,0,0,0,0,0,0,0,1,1,5,5,1,0,6,3.680369952,73d38402b818d3a95c843bba9eddc9d01577dcf1
1,0,0,0,0,0,0,0,0,0,0,0,0,0,0,0,0,0,0,0,0,0,0,0,7,1,5,5,1,0,6,3.680369952,bdeb4d33ec64f8536a77c630f305b87badccc8e1
1,0,0,0,0,0,0,0,0,0,0,0,0,0,0,0,0,0,0,0,0,0,0,0,7,1,4,4,1,0,6,3.680369952,d1751ec0033e0865c95d0b08dd01b3c0a9dcd4a2
1,1,1,1,0,2,0,48,1,84.40606481,1,297,25.69832596,138,1,0,0,0,0,0,0,0,0,0,2,1,4,4,1,1,6,3.889886022,ae9666e90a7da0cc327b69e11be305e7b95b54fc
1,1,1,1,0,4,3,104,1,6.805104167,1,296,24.69832596,137,1,0,0,0,0,0,0,0,0,0,7,1,4,4,1,0,6,1.669069623,96e09e0c24ade1d15436c564061c587eab30fa6e
1,1,1,1,0,1,1,104,1,6.542847222,1,295,29.16461876,136,1,0,0,0,0,0,0,0,0,0,7,1,4,4,1,0,6,1.669069623,b181c5a3b28504216f524dba397b5c8033716888
1,1,1,1,0,4,2,82,1,8.228425926,1,294,30.73945667,130,1,1,0,0,0,0,0,0,0,0,7,0,4,4,1,0,7,1.370151122,5c957b9d3397023d6c564f24b0a3b1b194ab5871
0,1,10,25,3.605048594,270,180,208.08,2,34.69284537,5,293,29.73945667,135,2,0,0,0,0,0,0,0,0,0,2,1,5,5,1,1,7,4.683129005,d9cf0be3345f34efd8da87a8cd7e3d2573e1fed9
1,1,1,1,0,0,68,68,1,95.7187037,1,292,28.74126826,134,1,0,0,0,0,1,0,1,1,0,7,1,5,5,1,0,7,3.680369952,69ddc20579625db6e73beb81d685c848e369f9cf
1,0,0,0,0,0,0,0,0,0,0,0,0,0,0,0,0,0,0,0,0,0,0,0,7,1,5,5,1,0,7,3.680369952,565dba4b85ec4dac434a1a3af00e521bc0ad157e
1,1,1,1,0,1,1,6,1,37.57871528,1,291,27.74670304,2,1,0,0,0,0,0,0,0,0,0,7,1,5,5,1,0,6,3.260862806,d30c57752c78196a2142bad2124ffe46c13e9ac8
1,1,1,1,0,1,1,37,1,0.004560185,1,290,26.74670304,129,1,0,0,0,0,0,0,0,0,0,7,1,4,4,1,0,6,3.12570777,0f36e9e945b97e37ed0e94f4d71fb7695073e791
1,1,1,1,0,4,4,104,1,18.02987269,1,289,25.74670304,133,1,0,0,0,0,0,0,0,0,0,7,1,4,4,1,0,6,2.868017259,aa2fac769bcdccaff179f09b4cb768cee45eaa71
1,1,1,1,0,1,1,37,1,18.02981481,1,288,24.74670304,128,1,0,0,0,0,0,0,0,0,0,7,1,4,4,1,0,6,2.955432562,97073b944c42d742bfac77c57b5fcc3010d93cf9
1,1,1,1,0,0,11,93,1,8.413981481,1,287,28.05771232,127,1,1,0,0,0,0,0,0,0,0,7,1,4,4,1,0,5,1.370151122,55f7dc9f6d3c4c996cb51426db6bd365a137e863
1,1,1,1,0,1,1,93,1,14.30773148,1,286,34.83472724,126,1,1,0,0,0,0,0,0,0,0,7,0,4,4,1,0,4,1.370151122,d018d3f77ec0f16a05a65f1f78f07e78f19e93d6
0,1,9,28,4.093212067,261,136,188.3571429,1,20.71279969,4,285,33.91806058,132,2,0,0,0,0,0,0,0,0,0,2,1,5,5,1,1,4,2.559824455,803c41ddb514b16cad7a062150b0abb267765321
1,1,1,1,0,4,4,104,1,12.89320602,1,284,35.09451737,131,1,0,0,0,0,0,0,0,0,0,7,1,4,4,1,0,2,1.669069623,e7fc56a1fc98d80e068f62c986f83339919ff112
1,1,1,1,0,1,1,37,1,19.53956019,1,283,34.09451737,125,1,0,0,0,0,0,0,0,0,0,7,1,4,4,1,0,2,2.955432562,8e4c8bbe71364ce48c6915ccdc8f4566289df426
1,1,1,1,0,1,1,93,1,0.008356481,1,282,58.10982665,124,1,1,0,0,0,0,0,0,0,0,7,1,4,4,1,0,4,1.370151122,578971703d662800cb7983b11e66ca47b178c2a2
1,1,1,1,0,1,1,93,1,2.728611111,1,281,57.10982665,123,1,1,0,0,0,0,0,0,0,0,7,1,4,4,1,0,4,1.370151122,d6c3cd84fed75ad6c1973ff542534e6658d943e0
1,1,1,2,1,0,10,99,1,134.9752778,1,280,56.10982665,3,1,0,0,0,0,1,0,0,0,0,4,0,4,4,1,0,4,2.437115986,35760efe31e9a79fa5c357e272269603ad084ebe
0,1,15,50,5.068302618,348,325,175.96,2,21.88049606,9,279,55.10982665,130,2,0,0,0,0,0,0,0,0,1,2,1,5,5,1,1,4,4.627454945,c9fba774bbc30815ec299397d22467fbfcb189bd
1,1,1,1,0,2,2,104,1,6.642939815,1,278,54.11458855,129,1,0,0,0,0,0,0,0,0,0,7,1,5,5,1,0,4,1.669069623,6a21ad9f76d4f0744362baa0994acf532bb00410
1,1,3,3,1.148834854,2,5,96.66666667,1,134.9665856,1,277,53.11458855,2,1,0,0,0,0,1,0,0,0,0,4,1,5,5,1,0,4,2.437115986,edd9a7dab923decd7286d62a6f06ddc88b43a4bd
1,1,1,1,0,1,1,93,1,3.392141204,1,276,58.44405214,122,1,1,0,0,0,0,0,0,0,0,7,1,5,5,1,0,1,1.370151122,fb8423b0c2d87efe801334cb365c1bacb399f942
1,1,1,1,0,1,1,96,1,37.51684028,1,275,57.44405214,19,1,0,0,0,0,0,0,0,0,0,2,1,5,5,1,1,1,3.699980308,8bd08ad57b97d1a1262f7f3f58e1e7c1a32813cd
1,1,1,1,0,0,1,94,1,0.502384259,1,274,58.01665254,121,1,1,0,0,0,0,0,0,0,0,7,1,4,4,1,0,4,1.370151122,57602e424d469b94cd5a8fcd32074b0ef01a10d9
1,1,1,1,0,5,1,90,1,0.063506944,1,273,57.02617635,120,1,1,0,0,0,0,0,0,0,0,7,1,4,4,1,0,4,1.370151122,a77549c5bfbbd50ca8d810d5ddab48ab92cfd2f3
1,1,1,2,0.794620352,317,0,0,0,0,0,272,56.02617635,0,1,0,0,0,0,0,0,0,0,0,1,1,4,4,1,0,4,4.198755406,c329ab2a2c6d8f819d4dc43911431fc8ed195226
1,0,0,0,0,0,0,0,0,0,0,0,0,0,0,0,0,0,0,0,0,0,0,0,7,1,4,4,1,0,4,4.504699264,afef280fbea56e9fd3fa8ae0d12d3a6aae415ec8
1,0,0,0,0,0,0,0,0,0,0,0,0,0,0,0,0,0,0,0,0,0,0,0,7,0,4,4,1,0,4,3.680369952,f6565298e3d28dca841a112a78ae8dd47f8a88a6
0,1,12,50,4.516806846,2177,1231,181.62,1,24.08339537,13,271,55.02617635,128,1,0,0,0,0,1,0,0,0,0,2,1,5,5,1,1,4,3.695220763,dd7a8969eaeac597868cc82dc60ac7d60fe33d9e
1,1,10,77,5.18801433,1980,1307,45.38961039,2,20.59314649,9,270,54.02617635,127,2,0,0,0,0,0,0,0,0,0,2,1,5,5,1,1,4,3.695220763,5ea2ec0a6cd6ac9788a2c746cd294fb724f1d12d
1,0,0,0,0,0,0,0,0,0,0,0,0,0,0,0,0,0,0,0,0,0,0,0,7,1,5,5,1,0,4,3.680369952,ebaeb9979aeee39ebf229534164333d6d52620d4
1,1,1,1,0,0,13,13,1,33.48886574,1,269,53.02617635,126,1,0,0,0,0,0,0,0,0,0,7,1,5,5,1,0,4,3.680369952,aa1c724a016b84c941525202054c2febe7924777
1,1,1,1,0,0,12,12,1,33.48877315,1,268,52.02617635,125,1,0,0,0,0,0,0,0,0,0,1,1,5,5,1,0,4,3.680369952,1554c16a8f8dbc87f297fe53d4c1337ece93d0d6
1,1,1,1,0,0,14,14,1,33.48872685,1,267,51.02617635,124,1,0,0,0,0,0,0,0,0,0,7,1,5,5,1,0,4,3.680369952,1a7eda5f7254ce113de77c22f526418dc80c558f
1,1,1,1,0,0,45,44,1,33.48475694,1,266,50.02617635,123,1,0,0,0,0,0,0,0,0,0,1,1,5,5,1,0,4,3.680369952,ea1bceeb78762d0b234b0d0f15845dc3e6697205
1,1,1,1,0,0,46,45,1,33.48469907,1,265,49.02617635,122,1,0,0,0,0,0,0,0,0,0,1,1,5,5,1,0,4,3.680369952,056daa6a30ed8f8fe76aaedf8f00111f1a72273f
1,1,1,1,0,0,46,45,1,33.48462963,1,264,48.02617635,121,1,0,0,0,0,0,0,0,0,0,1,1,5,5,1,0,4,3.680369952,98e25c989e1a0355c7d716e7625b64143a16a5ff
1,1,1,1,0,0,15,14,1,33.48736111,1,263,47.02617635,120,1,0,0,0,0,0,0,0,0,0,7,1,5,5,1,0,4,3.680369952,f6d402563548735b6e4ea596f7c5df7d7bf802fa
1,1,1,1,0,0,11,10,1,67.03820602,1,262,46.02617635,119,1,0,0,0,0,0,0,0,0,0,7,1,5,5,1,0,4,3.680369952,493906da34fd94b97f86f585122e7fd72338722f
1,1,1,1,0,0,33,33,1,128.3261343,1,261,45.02617635,118,1,0,0,0,0,1,0,1,1,0,7,1,5,5,1,0,4,3.680369952,86d676bcaffb0197d28b0b82f51f7349eae8b7d8
1,1,1,1,0,0,33,33,1,67.03449074,1,260,44.02617635,117,1,0,0,0,0,1,0,1,1,0,7,1,5,5,1,0,4,3.680369952,87e1f24e0d6a1fe080aa72fc82f8603e4fbfce9c
1,1,1,1,0,0,25,25,1,110.909213,1,259,43.02617635,116,1,0,0,0,0,1,0,1,1,0,7,1,5,5,1,0,4,3.680369952,e9ad9baf90fe50c488919d98f0071dec874c085f
1,1,1,1,0,0,55,55,1,9.352789352,1,258,42.02617635,115,1,0,0,0,0,1,0,1,1,0,1,1,5,5,1,0,4,3.680369952,4f518e9afb59821a9b1cccbbc0a41504c86213c2
1,1,1,1,0,0,135,135,1,9.352453704,1,257,41.02617635,114,1,0,0,0,0,1,0,1,1,0,1,1,5,5,1,0,4,3.680369952,7c4268c544acb8d2e56b6384fbf7cd8f2d4ca1c3
1,1,1,1,0,6,5,103,1,0.493935185,1,256,40.02617635,113,1,0,0,0,0,0,0,0,0,0,7,1,4,4,1,0,4,1.669069623,d585e74ce6f3918f58b039870dc452e272fa2fa5
1,1,1,1,0,2,2,6,1,128.3224421,1,255,39.04998587,1,1,0,0,0,0,0,0,0,0,0,7,1,4,4,1,0,4,3.491911866,fc44419d44c0abaf419bf826cb96f227d8d9d47e
1,1,1,1,0,1,1,37,1,9.351180556,1,254,38.04998587,119,1,0,0,0,0,0,0,0,0,0,7,1,4,4,1,0,4,1.669069623,545af74551af70b6a9b1694f8f2ddc9068eba898
1,1,1,1,0,0,4,94,1,0.449618056,1,253,37.05950968,118,1,1,0,0,0,0,0,0,0,0,7,1,4,4,1,0,4,1.370151122,5b357e0b9677c1b75897318a2b710070e7e574e1
1,0,0,0,0,0,0,0,0,0,0,0,0,0,0,0,0,0,0,0,0,0,0,0,1,0,3,3,1,0,4,4.025468611,f030a28783dd7a0a3f897bdafb43948e7f7c47fa
0,1,1,1,0,1,0,249,1,8.870358796,1,252,37.13167085,112,1,0,0,0,0,1,0,0,0,0,7,1,4,4,1,0,3,2.868017259,eaa4c790ae176eb928623de34c71f8765bb76e64
1,1,1,1,0,11,11,94,1,0.001712963,1,251,36.13167085,117,1,1,0,0,0,0,0,0,0,0,7,1,4,4,1,0,3,1.370151122,7d25ac6ddf27b9e92346b30b4af6fb845145227e
1,1,1,1,0,2,8,100,1,0.00119213,1,250,35.13167085,116,1,1,0,0,0,0,0,0,0,0,7,1,4,4,1,0,3,1.370151122,daafc12cece2ea2eee78dee51737314752c629e5
1,1,1,1,0,9,7,98,1,0.004027778,1,249,34.13167085,115,1,1,0,0,0,0,0,0,0,0,7,0,3,3,1,0,3,1.370151122,6c24561b7264488c46ebf7c2ac2eebccbff25774
0,1,1,1,0,2,2,98,1,8.853981481,1,248,33.13167085,114,1,1,0,0,0,0,0,0,0,0,7,1,4,4,1,0,3,1.370151122,816945b0698434cd8b9d1537b96d3db830571b91
1,1,3,4,1.53748081,15,21,135.75,2,30.94871528,4,247,32.13167085,111,2,0,0,0,0,0,0,0,0,0,2,1,4,4,1,1,3,3.960529029,50cca1ebe233290b0129686e05a0ea83ae4a59be
1,1,1,1,0,4,4,103,1,8.858912037,1,246,31.13167085,110,1,0,0,0,0,0,0,0,0,0,7,1,4,4,1,0,3,1.669069623,4a5aa4b39b966206d594590f071a4460770ccf34
1,1,1,1,0,1,1,98,1,6.539236111,1,245,43.1575747,113,1,1,0,0,0,0,0,0,0,0,7,0,4,4,1,0,2,1.370151122,a113a5d0f4a405b2142fefe516a02d77a9081626
0,1,12,31,3.781353523,385,230,197.4193548,2,21.63995557,7,244,42.1575747,109,3,0,0,0,0,0,0,0,0,0,2,1,5,5,1,1,2,6.183761767,e24ee335cd01d8c8825eac94195e493b8a4dd145
1,1,1,1,0,4,4,103,1,6.545219907,1,243,41.1575747,108,1,0,0,0,0,0,0,0,0,0,7,1,4,4,1,0,2,1.669069623,87689b118196d905398a591849d8d034bab2e6e2
1,1,1,1,0,1,1,29,1,6.531030093,1,242,40.1575747,112,1,0,0,1,0,0,0,0,0,0,7,1,4,4,1,0,2,1.860565749,d2241827ddd0b7dd1032807e4796b41d07a65002
1,1,1,1,0,2,2,37,1,24.14672454,1,241,39.1575747,111,1,0,0,0,0,0,0,0,0,0,7,1,4,4,1,0,2,3.478767185,34c15f362f7b25fb597544363b47c970c367063a
1,1,1,1,0,1,1,98,1,5.5178125,1,240,51.63165266,110,1,1,0,0,0,0,0,0,0,0,7,1,4,4,1,0,2,1.370151122,597b0c3ebd5f8642066df2021716d5fc0bdbb48b
1,1,1,1,0,1,0,28,1,5.539733796,1,239,50.63165266,109,1,0,0,1,0,0,0,0,0,0,7,0,3,3,1,0,2,1.860565749,727b004c494aed6961a5d661c4f97150e93423bb
0,1,9,13,2.377386803,120,84,254.8461538,1,15.70286503,3,238,49.63165266,107,2,0,0,0,0,0,0,0,0,1,2,1,3,3,1,1,2,2.859594565,5dd9f57772d67c7c8fe7e331e91002de6d7e7752
1,1,1,1,0,2,2,103,1,5.547928241,1,237,48.63165266,106,1,0,0,0,0,0,0,0,0,0,7,1,2,2,1,0,2,1.669069623,bcb505d0f6e7414782eaed76d4f737e51807840c
1,1,1,1,0,1,1,98,1,0.005046296,1,236,56.86472694,108,1,1,0,0,0,0,0,0,0,0,7,1,1,1,1,0,3,1.370151122,74f97dec32496c83cdad3440ec4dab4319f71182
1,1,1,1,0,1,1,98,1,4.457314815,1,235,55.86472694,107,1,1,0,0,0,0,0,0,0,0,7,0,0,0,1,0,3,1.370151122,abfb01c0dda3ca1d6e35dc14fd953c716312271c
0,1,1,1,0,0,30,29,1,106.9122569,1,234,54.86472694,1,1,0,0,0,0,1,0,1,1,0,5,0,1,1,1,0,3,3.680369952,8899a336d21d419b82d2168cdd1d95f9c1a6ae0c
0,1,1,1,0,6,0,22,1,0.028020833,1,233,53.86472694,106,1,0,0,1,0,0,0,0,0,0,7,0,2,2,1,0,3,1.860565749,b37909f9f2d4e1eb30576f5b6181fea90bc5e559
0,1,1,1,0,1,1,17,1,106.8905556,1,232,52.86472694,105,1,0,0,0,0,0,0,0,0,0,7,0,3,3,1,0,3,3.21459085,f53c17e7aa965310e93b65b9c5147b19fda84e16
0,1,1,1,0,4,1,100,1,4.427199074,1,231,51.86472694,105,1,0,0,0,0,0,0,0,0,0,7,0,3,3,1,0,3,1.669069623,861be561b1dcc8e7ca06495afc68b56e493d2c4d
0,1,1,1,0,1,1,22,1,0.000659722,1,230,50.86472694,104,1,0,0,1,0,0,0,0,0,0,7,1,3,3,1,0,3,1.860565749,c77451c3f787eddef19aad9dc6e31dc37ee8cf4a
1,1,1,1,0,1,1,22,1,0.005613426,1,229,49.86472694,103,1,0,0,1,0,0,0,0,0,0,7,1,3,3,1,0,3,1.860565749,31fe4fc5e126c0395f4c6c8925f3ccf231f4a7e0
1,1,1,1,0,7,15,30,1,0.010451389,1,228,48.86472694,102,1,0,0,1,0,0,0,0,0,0,7,1,2,2,1,0,3,1.860565749,81ec92dcb973a21f33e4d0a7ed1ee0ddff9a3098
1,1,1,1,0,1,3,32,1,0.008460648,1,227,47.86472694,101,1,0,0,1,0,0,0,0,0,0,7,0,1,1,1,0,3,1.860565749,9b6b9d002c2196f221ea7641f7070b000870f52b
0,1,1,1,0,1,1,32,1,0.037060185,1,226,46.86472694,100,1,0,0,1,0,0,0,0,0,0,7,0,1,1,1,0,3,1.860565749,b49bf449294406441ffed1d1d32814ce763ed64a
0,1,1,1,0,0,0,160,1,106.8456944,1,225,45.86472694,99,0,0,0,0,0,0,0,0,0,0,7,1,1,1,1,0,3,5.655991811,5b0a4e5139008e1c10a90d30b3f768a11bbaee1b
1,1,1,1,0,0,1,33,1,0.005393519,1,224,44.86472694,98,1,0,0,1,0,0,0,0,0,0,7,0,0,0,1,0,3,1.860565749,c412b2727a7a94305242d6b2a36b21b08ddbae6c
0,1,1,1,0,1,0,32,1,0.007997685,1,223,43.86472694,97,1,0,0,1,0,0,0,0,0,0,7,0,0,0,1,0,3,1.860565749,ac37355fe3bb68efbd14b8612af3a46ded55151c
0,1,1,1,0,3,0,29,1,0.005069444,1,222,42.86472694,96,1,0,0,1,0,0,0,0,0,0,7,0,0,0,1,0,3,1.860565749,c831733df4474923dc3b3fdfd7b45b85eb883356
0,1,1,1,0,1,1,29,1,0.004224537,1,221,41.86472694,95,1,0,0,1,0,0,0,0,0,0,7,0,0,0,1,0,3,1.860565749,dc61b48ec2683968b98366980a5f5d9ed39dd290
0,1,1,1,0,29,0,0,0,0,0,220,40.86472694,94,1,0,0,1,0,0,0,0,0,0,1,0,0,0,1,0,3,3.95539312,61ae8bd876a8a69d1274832ca9a59c42f45e9669
